<?xml version="1.0" encoding="utf-8" standalone="no" ?>
<modDesc descVersion="104">
	<author>Fetty42</author>
	<version>1.0.1.0</version>
	<title>
        <en>Enter Closest Vehicle</en>
		<de>Nächstgelegenes Fahrzeug Betreten</de>
    </title>

	<description>
		<de><![CDATA[Ermöglicht den schnellen Wechsel von der aktuellen Position oder aus dem aktuellen Fahrzeug zum nächstgelegenen Fahrzeug.
Besonders nützlich beim Wechsel zwischen Mähdrescher und Traktor mit Anhänger.
Standardtaste: ALT links + E

Update 1.0.1.0:
- Behoben: Obwohl ein Fahrzeuge defekt war, konnte dieses betreten werden

Für Fehlermeldungen oder Anregungen besucht bitte: https://github.com/Fetty42/FS25_EnterClosestVehicle/issues oder https://forum.giants-software.com/viewtopic.php?t=208708]]></de>

		<en><![CDATA[Allows quick switching from the current position or vehicle to the closest vehicle.
Especially useful when switching between combine harvester and tractor with trailer.
Default key is ALT left + E

Update 1.0.1.0:
- Fixed: Although a vehicle was damaged, it could be entered

For error messages or suggestions please visit: https://github.com/Fetty42/FS25_EnterClosestVehicle/issues or https://forum.giants-software.com/viewtopic.php?t=208708]]></en>

		<fr><![CDATA[Permet de passer rapidement de la position actuelle ou du véhicule actuel au véhicule le plus proche.
Particulièrement utile lors du passage entre la moissonneuse-batteuse et le
La touche par défaut est ALT gauche + E

Update 1.0.1.0:
- Corrigé: Bien qu'un véhicule ait été endommagé, il pouvait être entré

Pour les messages d'erreur ou les suggestions, veuillez visiter : https://github.com/Fetty42/FS25_EnterClosestVehicle/issues ou https://forum.giants-software.com/viewtopic.php?t=208708]]></fr>
    </description>

	<iconFilename>icon_EnterClosestVehicle.dds</iconFilename>
	<multiplayer supported="true"/>
	<extraSourceFiles>
		<sourceFile filename="EnterClosestVehicle.lua"/>
		<sourceFile filename="RegisterPlayerActionEvents.lua"/>
	</extraSourceFiles>    
  <actions>
      <action name="ENTER_CLOSEST_VEHICLE" category="ONFOOT" axisType="HALF"/>
  </actions>	
  <inputBinding>
      <actionBinding action="ENTER_CLOSEST_VEHICLE" >
          <binding device="KB_MOUSE_DEFAULT" input="KEY_lalt KEY_e" />
      </actionBinding>
  </inputBinding>	
	<l10n>
		<text name="input_ENTER_CLOSEST_VEHICLE">
			<en>Enter closest vehicle</en>
			<de>Nächstgelegenes Fahrzeug betreten</de>
			<fr>Entrer dans le véhicule le plus proche</fr>
		</text>		
	</l10n>
</modDesc>